team,avg_age
Ecuador,23.76
Morocco,24.72
Ivory Coast,25.12
Algeria,25.48
Canada,25.81
Iraq,25.97
Ghana,26.04
Spain,26.12
Tunisia,26.12
Mexico,26.29
Norway,26.31
United States,26.38
Bosnia and Herzegovina,26.38
Senegal,26.39
Uruguay,26.53
France,26.54
England,26.58
Netherlands,26.64
Turkey,26.69
South Africa,26.81
Sweden,26.85
Czech Republic,27.03
Argentina,27.04
Belgium,27.04
Haiti,27.08
Australia,27.28
Jordan,27.37
Japan,27.44
Portugal,27.44
Curacao,27.46
Germany,27.46
Uzbekistan,27.47
New Zealand,27.58
South Korea,27.65
Switzerland,27.73
Paraguay,27.80
Croatia,27.88
Saudi Arabia,27.90
Austria,28.04
Egypt,28.41
DR Congo,28.46
Brazil,28.62
Qatar,28.63
Iran,28.73
Scotland,28.81
Cape Verde,29.15
Panama,29.22
Colombia,29.54
