match_id,stadium,city
1,Estadio Azteca,Mexico City
2,Estadio Akron,Guadalajara
3,Mercedes-Benz Stadium,Atlanta
4,Estadio Akron,Guadalajara
5,Estadio Azteca,Mexico City
6,Estadio BBVA,Monterrey
7,BMO Field,Toronto
8,Levi's Stadium,San Francisco Bay Area
9,SoFi Stadium,Los Angeles
10,BC Place,Vancouver
11,BC Place,Vancouver
12,Lumen Field,Seattle
13,MetLife Stadium,New York New Jersey
14,Gillette Stadium,Boston
15,Gillette Stadium,Boston
16,Lincoln Financial Field,Philadelphia
17,Hard Rock Stadium,Miami
18,Mercedes-Benz Stadium,Atlanta
19,SoFi Stadium,Los Angeles
20,BC Place,Vancouver
21,Lumen Field,Seattle
22,Levi's Stadium,San Francisco Bay Area
23,SoFi Stadium,Los Angeles
24,Levi's Stadium,San Francisco Bay Area
25,NRG Stadium,Houston
26,Lincoln Financial Field,Philadelphia
27,BMO Field,Toronto
28,Arrowhead Stadium,Kansas City
29,Lincoln Financial Field,Philadelphia
30,MetLife Stadium,New York New Jersey
31,AT&T Stadium,Dallas
32,Estadio BBVA,Monterrey
33,NRG Stadium,Houston
34,Estadio BBVA,Monterrey
35,AT&T Stadium,Dallas
36,Arrowhead Stadium,Kansas City
37,Lumen Field,Seattle
38,SoFi Stadium,Los Angeles
39,SoFi Stadium,Los Angeles
40,BC Place,Vancouver
41,Lumen Field,Seattle
42,BC Place,Vancouver
43,Mercedes-Benz Stadium,Atlanta
44,Hard Rock Stadium,Miami
45,Mercedes-Benz Stadium,Atlanta
46,Hard Rock Stadium,Miami
47,NRG Stadium,Houston
48,Estadio Akron,Guadalajara
49,MetLife Stadium,New York New Jersey
50,Gillette Stadium,Boston
51,Lincoln Financial Field,Philadelphia
52,MetLife Stadium,New York New Jersey
53,Gillette Stadium,Boston
54,BMO Field,Toronto
55,Arrowhead Stadium,Kansas City
56,Levi's Stadium,San Francisco Bay Area
57,AT&T Stadium,Dallas
58,Levi's Stadium,San Francisco Bay Area
59,Arrowhead Stadium,Kansas City
60,AT&T Stadium,Dallas
61,Hard Rock Stadium,Miami
62,Mercedes-Benz Stadium,Atlanta
63,Estadio Akron,Guadalajara
64,NRG Stadium,Houston
65,Estadio Azteca,Mexico City
66,NRG Stadium,Houston
67,AT&T Stadium,Dallas
68,BMO Field,Toronto
69,Gillette Stadium,Boston
70,BMO Field,Toronto
71,MetLife Stadium,New York New Jersey
72,Lincoln Financial Field,Philadelphia
73,SoFi Stadium,Los Angeles
74,Gillette Stadium,Boston
75,Estadio BBVA,Monterrey
76,NRG Stadium,Houston
77,AT&T Stadium,Dallas
78,MetLife Stadium,New York New Jersey
79,Estadio Azteca,Mexico City
80,Mercedes-Benz Stadium,Atlanta
81,Levi's Stadium,San Francisco Bay Area
82,Lumen Field,Seattle
83,BMO Field,Toronto
84,SoFi Stadium,Los Angeles
85,BC Place,Vancouver
86,AT&T Stadium,Dallas
87,Hard Rock Stadium,Miami
88,Arrowhead Stadium,Kansas City
89,NRG Stadium,Houston
90,Lincoln Financial Field,Philadelphia
91,MetLife Stadium,New York New Jersey
92,Estadio Azteca,Mexico City
93,AT&T Stadium,Dallas
94,Lumen Field,Seattle
95,Mercedes-Benz Stadium,Atlanta
96,BC Place,Vancouver
97,Gillette Stadium,Boston
98,SoFi Stadium,Los Angeles
99,Hard Rock Stadium,Miami
100,Arrowhead Stadium,Kansas City
101,AT&T Stadium,Dallas
102,Mercedes-Benz Stadium,Atlanta
103,Hard Rock Stadium,Miami
104,MetLife Stadium,New York New Jersey
