match_id,h2h_avg_gd
1,1.25
2,-1.33
3,0.00
4,0.50
5,0.00
6,0.00
7,0.00
8,1.00
9,-2.00
10,2.00
11,-2.00
12,-1.00
13,0.00
14,0.00
15,-3.00
16,6.00
17,-1.00
18,0.00
19,0.56
20,-1.50
21,0.50
22,0.00
23,0.00
24,-0.40
25,0.00
26,0.00
27,0.00
28,0.00
29,0.00
30,-2.50
31,1.33
32,0.25
33,-0.15
34,-0.83
35,0.00
36,-1.33
37,-0.75
38,1.50
39,0.00
40,-0.67
41,0.00
42,-1.00
43,0.00
44,0.00
45,2.33
46,0.00
47,0.00
48,-0.80
49,1.33
50,0.00
51,0.00
52,-1.00
53,-0.47
54,0.00
55,1.00
56,0.00
57,2.00
58,-1.67
59,-2.00
60,0.00
61,0.00
62,0.00
63,0.00
64,0.00
65,0.00
66,0.00
67,0.82
68,0.00
69,0.00
70,0.00
71,-5.00
72,0.00
73,2.00
74,0.50
75,0.33
76,2.07
77,0.00
78,0.48
79,1.14
80,0.00
81,0.50
82,0.00
83,0.64
84,1.06
85,1.50
86,-1.50
87,0.00
88,0.00
89,-1.50
90,-2.20
91,-0.75
92,-1.33
93,-0.49
94,-0.71
95,2.00
96,-0.25
97,1.33
98,0.68
99,-1.42
100,1.29
101,-0.45
102,0.36
103,-0.69
104,0.14
