team,pld,gf,ga,avg_gf,avg_ga
Spain,6,21,2,3.5,0.333
Argentina,18,31,10,1.722,0.556
France,6,16,4,2.667,0.667
England,8,22,0,2.75,0.0
Brazil,18,24,17,1.333,0.944
Portugal,6,20,7,3.333,1.167
Netherlands,8,27,4,3.375,0.5
Belgium,8,29,7,3.625,0.875
Germany,6,16,3,2.667,0.5
Croatia,8,26,4,3.25,0.5
Morocco,8,22,2,2.75,0.25
Colombia,18,28,18,1.556,1.0
United States,3,8,1,2.667,0.333
Mexico,3,5,2,1.667,0.667
Uruguay,18,22,12,1.222,0.667
Switzerland,6,14,2,2.333,0.333
Japan,10,30,3,3.0,0.3
Senegal,10,22,3,2.2,0.3
Iran,10,19,8,1.9,0.8
South Korea,10,20,7,2.0,0.7
Ecuador,18,14,5,0.778,0.278
Austria,8,22,4,2.75,0.5
Turkey,6,17,12,2.833,2.0
Australia,10,16,7,1.6,0.7
Canada,3,9,1,3.0,0.333
Norway,8,37,5,4.625,0.625
Panama,6,9,4,1.5,0.667
Egypt,10,20,2,2.0,0.2
Algeria,10,24,8,2.4,0.8
Scotland,6,13,7,2.167,1.167
Paraguay,18,14,10,0.778,0.556
Tunisia,10,22,0,2.2,0.0
Ivory Coast,10,25,0,2.5,0.0
Sweden,6,4,12,0.667,2.0
Czech Republic,8,18,8,2.25,1.0
Uzbekistan,10,14,7,1.4,0.7
Qatar,10,17,24,1.7,2.4
DR Congo,10,15,6,1.5,0.6
Iraq,10,9,9,0.9,0.9
Saudi Arabia,10,7,8,0.7,0.8
South Africa,10,15,9,1.5,0.9
Jordan,10,16,8,1.6,0.8
Cape Verde,10,16,8,1.6,0.8
Bosnia and Herzegovina,8,17,7,2.125,0.875
Ghana,10,23,6,2.3,0.6
Haiti,6,9,6,1.5,1.0
New Zealand,9,27,4,3.0,0.444
Curacao,6,13,3,2.167,0.5
