stadium,city,altitude_m,source
Estadio Azteca,Mexico City,2200,https://en.wikipedia.org/wiki/Estadio_Azteca
Estadio Akron,Guadalajara/Zapopan,1670,https://en.wikipedia.org/wiki/Estadio_Akron
Estadio BBVA,Monterrey/Guadalupe,530,https://en.wikipedia.org/wiki/Estadio_BBVA
BMO Field,Toronto,75,https://en.wikipedia.org/wiki/BMO_Field
BC Place,Vancouver,0,https://en.wikipedia.org/wiki/Vancouver
SoFi Stadium,Los Angeles/Inglewood,40,https://en.wikipedia.org/wiki/Inglewood%2C_California
Levi's Stadium,San Francisco Bay Area/Santa Clara,5,https://en.wikipedia.org/wiki/Levi%27s_Stadium
Lumen Field,Seattle,45,https://en.wikipedia.org/wiki/Seattle
MetLife Stadium,New York New Jersey/East Rutherford,2,https://en.wikipedia.org/wiki/MetLife_Stadium
Gillette Stadium,Boston/Foxborough,87,https://en.wikipedia.org/wiki/Foxborough%2C_Massachusetts
Lincoln Financial Field,Philadelphia,12,https://en.wikipedia.org/wiki/Philadelphia
Hard Rock Stadium,Miami/Miami Gardens,3,https://en.wikipedia.org/wiki/Miami_Gardens%2C_Florida
Mercedes-Benz Stadium,Atlanta,320,https://en.wikipedia.org/wiki/Atlanta
NRG Stadium,Houston,32,https://en.wikipedia.org/wiki/Houston
AT&T Stadium,Dallas/Arlington,184,https://en.wikipedia.org/wiki/Arlington%2C_Texas
Arrowhead Stadium,Kansas City,277,https://en.wikipedia.org/wiki/Kansas_City%2C_Missouri
