team,host_flag
Spain,0
Argentina,0
France,0
England,0
Brazil,0
Portugal,0
Netherlands,0
Belgium,0
Germany,0
Croatia,0
Morocco,0
Colombia,0
United States,1
Mexico,1
Uruguay,0
Switzerland,0
Japan,0
Senegal,0
Iran,0
South Korea,0
Ecuador,0
Austria,0
Turkey,0
Australia,0
Canada,1
Norway,0
Panama,0
Egypt,0
Algeria,0
Scotland,0
Paraguay,0
Tunisia,0
Ivory Coast,0
Sweden,0
Czech Republic,0
Uzbekistan,0
Qatar,0
DR Congo,0
Iraq,0
Saudi Arabia,0
South Africa,0
Jordan,0
Cape Verde,0
Bosnia and Herzegovina,0
Ghana,0
Haiti,0
New Zealand,0
Curacao,0
