team,fifa_rank_jun2026
Spain,2
Argentina,1
France,3
England,4
Brazil,6
Portugal,5
Netherlands,8
Belgium,9
Germany,10
Croatia,11
Morocco,7
Colombia,13
United States,17
Mexico,14
Uruguay,16
Switzerland,19
Japan,18
Senegal,15
Iran,20
South Korea,25
Ecuador,23
Austria,24
Turkey,22
Australia,27
Canada,30
Norway,31
Panama,34
Egypt,29
Algeria,28
Scotland,42
Paraguay,41
Tunisia,45
Ivory Coast,33
Sweden,38
Czech Republic,40
Uzbekistan,50
Qatar,56
DR Congo,46
Iraq,57
Saudi Arabia,61
South Africa,60
Jordan,63
Cape Verde,67
Bosnia and Herzegovina,64
Ghana,73
Haiti,83
New Zealand,85
Curacao,82
