column,role,definition,how_to_read,source,caveat
match_id,ID (not a variable),Sequential match number 1-104,,Wikipedia 2026 FIFA World Cup pages,
stage,Label (not a variable),Group A-L or R32/R16/QF/SF/3rd/Final,,Wikipedia,
team_a,Label (not a variable),First-listed team,,Wikipedia,
team_b,Label (not a variable),Second-listed team,,Wikipedia,
stadium,Label (not a variable),Stadium where the match was played,,MLS schedule by stadium + bracket and results,Knockout venues placed from bracket slots and actual results
goal_difference,Response variable,score_a minus score_b (extra time included; penalty shootouts excluded),Positive = team_a won,Compiled from match results; all 104 scores checked against FBref (2026 World Cup Scores & Fixtures),Score after extra time; penalty shoot-outs ignored. Total 308 goals matches The Stats Don't Lie
fifa_rank_diff,Explanatory 1,"FIFA/Coca-Cola Men's World Ranking position of team_b minus that of team_a, using the 11 June 2026 edition (released before the first match)",Positive = team_a better ranked,"FIFA.com - inside.fifa.com/fifa-world-ranking/men, date filter set to 11 June 2026","Positive = team_a ranked higher. Pre-tournament edition (11 June 2026), so no leakage from World Cup results. Top 7 and a sample of other ranks checked on fifa.com"
attack_diff,Explanatory 2,Team A minus Team B average goals scored per match in World Cup qualifying,Positive = team_a stronger attack,"Qualifying results (final qualifying stage, played matches only); Spain, Japan and Morocco checked against FBref","Hosts did not qualify, so the 2025 Gold Cup group stage is used for them"
defence_diff,Explanatory 3,Team A minus Team B average goals conceded per match in qualifying,Negative = team_a stronger defence,"Qualifying results (final qualifying stage, played matches only); Spain, Japan and Morocco checked against FBref",Same host substitution as attack_diff
h2h_avg_gd,Explanatory 4,Average goal difference (team_a minus team_b) over all meetings before the 2026 World Cup,0 = no prior meetings or level record,"Past results (11v11, Wikipedia, Sports Mole); 7 Spain pairs checked against Transfermarkt Record vs table","0 used for first-ever meetings; Bosnia counted from 1992. Approximate: of 7 pairs checked, 2 matched exactly and 5 differed by 0.07 to 0.32 goals per match. None of the three recommended sites gives this history for national teams in a usable form"
squad_value_diff_eur_m,Explanatory 5,Team A minus Team B squad market value (euro millions),Positive = team_a more valuable squad,Transfermarkt squad values (via planetfootball.com list); Spain checked on Transfermarkt,Transfermarkt is not one of the 3 listed sites but was approved by the unit coordinator on Padlet. Pre-tournament values; Spain is about 7% lower than Transfermarkt's current figure. Right-skewed so log transform suggested
squad_age_diff,Explanatory 6,Team A minus Team B average squad age (years) on 3 June 2026,Positive = team_a older squad,RotoWire 2026 World Cup squad ages (early June 2026); Spain checked on Transfermarkt (26.12 vs 26.2),"Pre-tournament squad snapshot, so known before kick-off. FBref's age figure covers players who featured, so it was not used"
venue_altitude_m,Explanatory 7,Elevation of the stadium in metres,Higher = thin air (Azteca ~2200 m; Akron ~1670 m),Wikipedia stadium or city elevation,"10 of 16 values are city/town elevation because the stadium page lacked one. Single value per match (not a difference). Altitude is not published on fifa.com, FBref, Transfermarkt or The Stats Don't Lie"
host_advantage_diff,Explanatory 8,Host flag team_a minus team_b (USA/Mexico/Canada = 1),1 = team_a host only; -1 = team_b host only; 0 = neither or both,Known tournament fact,
