variable,team,source_checked,what_was_checked,source_value,our_value,result,checked_by,date_checked
attack_diff / defence_diff,Spain,FBref (2025-26 WCQ UEFA),matches / goals for / goals against,6 / 21 / 2,6 / 21 / 2,Match,Falevai Rokovuki,2026-10-06
attack_diff / defence_diff,Japan,FBref (WCQ AFC third round),matches / goals for / goals against,10 / 30 / 3,10 / 30 / 3,Match,Falevai Rokovuki,2026-10-06
attack_diff / defence_diff,Morocco,FBref (WCQ CAF; 2 unplayed Eritrea fixtures excluded),matches / goals for / goals against,8 / 22 / 2,8 / 22 / 2,Match,Falevai Rokovuki,2026-10-06
squad_value_diff_eur_m,Spain,Transfermarkt,"total squad market value (Transfermarkt search result, viewed October 2026)","1,310 (EUR m, current)","1,220 (EUR m, pre-tournament)",Consistent (about 7% higher; Transfermarkt values change over time),Falevai Rokovuki,2026-10-06
fifa_rank_diff,Spain,fifa.com (11 June 2026 edition),"rank, top 7 teams (11 June edition selected)","1,2,3,4,5,6,7 (ARG, ESP, FRA, ENG, POR, BRA, MAR)","1,2,3,4,5,6,7 (same teams)",Match,Falevai Rokovuki,2026-10-06
squad_age_diff,Spain,"Transfermarkt (national team page, October 2026)",average squad age,26.2 (current squad of 25),"26.12 (RotoWire, 3 June 2026)",Consistent (0.08 years apart; Transfermarkt shows the current squad),Falevai Rokovuki,2026-10-06
h2h_avg_gd,Spain v Saudi Arabia,"Transfermarkt (Spain > History > Record vs ...), 2026 World Cup match removed","pre-tournament matches and total goal difference, Spain's side","3 matches, GD +7 = +2.33 per match",+2.33 per match,Match,Falevai Rokovuki,2026-10-06
h2h_avg_gd,Spain v Uruguay,"Transfermarkt (Spain > History > Record vs ...), 2026 World Cup match removed","pre-tournament matches and total goal difference, Spain's side","10 matches, GD +8 = +0.80 per match",+0.80 per match,Match,Falevai Rokovuki,2026-10-06
h2h_avg_gd,Spain v Austria,"Transfermarkt (Spain > History > Record vs ...), 2026 World Cup match removed","pre-tournament matches and total goal difference, Spain's side","16 matches, GD +21 = +1.31 per match",+1.06 per match,Differs by 0.25 (ours lower),Falevai Rokovuki,2026-10-06
h2h_avg_gd,Spain v Portugal,"Transfermarkt (Spain > History > Record vs ...), 2026 World Cup match removed","pre-tournament matches and total goal difference, Spain's side","41 matches, GD +32 = +0.78 per match",+0.49 per match,Differs by 0.29 (ours lower),Falevai Rokovuki,2026-10-06
h2h_avg_gd,Spain v Belgium,"Transfermarkt (Spain > History > Record vs ...), 2026 World Cup match removed","pre-tournament matches and total goal difference, Spain's side","23 matches, GD +23 = +1.00 per match",+0.68 per match,Differs by 0.32 (ours lower),Falevai Rokovuki,2026-10-06
h2h_avg_gd,Spain v France,"Transfermarkt (Spain > History > Record vs ...), 2026 World Cup match removed","pre-tournament matches and total goal difference, Spain's side","38 matches, GD +27 = +0.71 per match",+0.45 per match,Differs by 0.26 (ours lower),Falevai Rokovuki,2026-10-06
h2h_avg_gd,Spain v Argentina,"Transfermarkt (Spain > History > Record vs ...), 2026 World Cup match removed","pre-tournament matches and total goal difference, Spain's side","14 matches, GD +1 = +0.07 per match",+0.14 per match,Differs by 0.07 (ours higher),Falevai Rokovuki,2026-10-06
venue_altitude_m,Estadio Azteca,Transfermarkt (CF America > Stadium page),whether stadium altitude is listed,"Not listed (page shows capacity 87,523, built 1966, surface, pitch size, address)",outside stadium altitude list,Not available on recommended site,Falevai Rokovuki,2026-10-06
goal_difference (response),All 104 matches,The Stats Don't Lie (World Cup 2026 page),total matches and total goals,"104 matches, 308 goals, 2.96 per game","104 matches, 308 goals, 2.96 per game",Match,Falevai Rokovuki,2026-10-06
goal_difference (response),"Knockouts: 16 R32, 8 R16, 4 QF, 2 SF, Final (31 matches)",The Stats Don't Lie (Fixtures / Results),"score in every match, listed one by one; shootouts ignored",scores as listed on site,scores in matches_all.csv,Match (31 of 31; 3rd place match checked on FBref),Falevai Rokovuki,2026-10-06
goal_difference (response),Group stage: 72 matches,"The Stats Don't Lie (Fixtures / Results, Group Stage)",score in every group match,scores as listed on site,scores in matches_all.csv,"71 of 72 matched; South Africa v South Korea differed on this site (shows South Korea 1-0) - resolved using FBref, see next row",Falevai Rokovuki,2026-10-06
goal_difference (response),All 104 matches,FBref (2026 World Cup > Scores & Fixtures),"score of every match, shootouts ignored",104 scores as listed on FBref,104 scores in matches_all.csv,Match (104 of 104). South Africa 1-0 Korea Republic (24 June) agrees with our file; The Stats Don't Lie lists the winner the other way round,Falevai Rokovuki,2026-10-06
h2h_avg_gd / venue_altitude_m / squad_age_diff,n/a,The Stats Don't Lie (Football > Team Comparison),"whether national-team head-to-head, squad age or stadium data exists",Club leagues only; compares current-season stats; no World Cup or national-team option,"outside sources (Transfermarkt record, Wikipedia, RotoWire)",Not available on this site,Falevai Rokovuki,2026-10-06
h2h_avg_gd / venue_altitude_m / squad_age_diff,n/a,The Stats Don't Lie (Football > Historic Stats),"whether national-team history, squad age or stadium data exists",Archived stats for the last few seasons of club leagues only,"outside sources (Transfermarkt record, Wikipedia, RotoWire)",Not available on this site,Falevai Rokovuki,2026-10-06
