team,prev_wc_appearances,best_wc_finish
Algeria,4,Round of 16
Argentina,18,Winner
Australia,6,Round of 16
Austria,7,Semi-final
Belgium,14,Semi-final
Bosnia and Herzegovina,1,Group stage
Brazil,22,Winner
Cabo Verde,0,Never played
Canada,2,Group stage
Colombia,6,Quarter-final
Congo DR,1,Group stage
Croatia,6,Runner-up
Curaçao,0,Never played
Czechia,9,Runner-up
Côte d'Ivoire,3,Group stage
Ecuador,4,Round of 16
Egypt,3,Group stage
England,16,Winner
France,16,Winner
Germany,20,Winner
Ghana,4,Quarter-final
Haiti,1,Group stage
IR Iran,6,Group stage
Iraq,1,Group stage
Japan,7,Round of 16
Jordan,0,Never played
Korea Republic,11,Semi-final
Mexico,17,Quarter-final
Morocco,6,Semi-final
Netherlands,11,Runner-up
New Zealand,2,Group stage
Norway,3,Round of 16
Panama,1,Group stage
Paraguay,8,Quarter-final
Portugal,8,Semi-final
Qatar,1,Group stage
Saudi Arabia,6,Round of 16
Scotland,8,Group stage
Senegal,3,Quarter-final
South Africa,3,Group stage
Spain,16,Winner
Sweden,12,Runner-up
Switzerland,12,Quarter-final
Tunisia,6,Group stage
Türkiye,2,Semi-final
USA,11,Semi-final
Uruguay,14,Winner
Uzbekistan,0,Never played
